{"splitLayer": "sequential-dense_1-MatMul:0", "execTime1": 0.01683977898210287, "execTime2": 0.005558914999710396, "result": [[1.6115921599069334e-14, 2.2960806704292597e-14, 7.480183464823875e-13, 0.9999996423721313, 1.0519243726677795e-14, 3.0330059530569997e-07, 1.428503908044998e-12, 1.407168687128646e-10, 1.8503473059316988e-11, 2.2804473587267893e-10]]}
